Model,MRR,Hits@1,Hits@3,Hits@10,MeanRank
TransE,0.030583031475543976,0.0,0.018072289156626505,0.12650602409638553,626.7982177734375
