Model,Accuracy,Precision,Recall,F1 Score,ROC AUC
TransE,0.6947791164658634,0.5321100917431193,0.6987951807228916,0.6041666666666666,0.7376977790680795
